Model,Prompt,Response,Timestamp
chatgpt,"dog
","It seems like you mentioned ""dog."" Are you looking for information about dogs, their care, breeds, training tips, or something else? Let me know how I can help!",2026-01-19 15:40:37
gemini,"dog
","Ah, dogs! Man's best friend, indeed.

They are domesticated canids, known for their loyalty, companionship, and wide variety of breeds and temperaments.

What about dogs are you interested in? Are you looking for:

*   A definition?
*   Facts about a specific breed?
*   Information on dog care or training?
*   Their history or evolution?
*   Or just want to chat about how great they are?",2026-01-19 15:40:37
llama,"dog
","Dogs are one of the most popular pets in the world, known for their loyalty, friendship, and versatility. Here are some interesting facts about dogs:

1. **There are over 340 breeds of dogs**: From the tiny Chihuahua to the massive Great Dane, there's a wide range of dog breeds out there.
2. **Dogs are highly social animals**: They thrive on interaction with their human family and other dogs, and are often used as therapy animals to comfort people in need.
3. **Dogs have an incredible sense of smell**: Their sense of smell is up to 10,000 times more sensitive than a human's, which is why they're often used for search and rescue missions.
4. **Dogs are intelligent animals**: They can learn hundreds of commands and tasks, and some breeds are even known to be as intelligent as primates.
5. **Dogs are natural athletes**: Many breeds are bred for specific athletic abilities, such as agility, speed, and endurance.

Some popular dog breeds include:

1. **Labrador Retriever**: Friendly, outgoing, and energetic, Labs are one of the most popular breeds in the world.
2. **German Shepherd**: Intelligent, loyal, and protective, German Shepherds are often used as police and military dogs.
3. **Golden Retriever**: Friendly, loyal, and energetic, Golden Retrievers are popular family pets and hunting companions.
4. **French Bulldog**: Playful",2026-01-19 15:40:37
